{"schemaVersion":"1.0","appDefinitionTemplate":{"id":"/providers/Microsoft.PowerApps/apps/","type":"Microsoft.PowerApps/apps","tags":{"primaryDeviceWidth":"640","primaryDeviceHeight":"1136","sienaVersion":"20200602T221637Z-3.20054.14.0","deviceCapabilities":"","supportsPortrait":"true","supportsLandscape":"false","primaryFormFactor":"Phone","publisherVersion":"3.20054.14","minimumRequiredApiVersion":"2.2.0","hasComponent":"false","hasUnlockedComponent":"false","isUnifiedRootApp":"false"},"properties":{"appVersion":"2020-06-02T22:16:37Z","lifeCycleId":"Published","createdByClientVersion":{"major":3,"minor":20054,"build":14,"revision":0,"majorRevision":0,"minorRevision":0},"minClientVersion":{"major":3,"minor":20054,"build":14,"revision":0,"majorRevision":0,"minorRevision":0},"backgroundColor":"rgba(175, 229, 178, 1)","backgroundImageUri":"/864667278078769830/N08778fa9-0f77-4ed6-8339-5ee32450b682-logoSmallFile","displayName":"Aplicativo Lean - Power Apps na Prática","description":"Versão Beta - Disponível para Download em: www.powerappsnapratica.com.br\nCriado por: Danilo Ciciliotti - Power Apps na Prática","commitMessage":"Versão Beta - Disponível para Download em: www.powerappsnapratica.com.br","appUris":{"documentUri":{"value":"/864667278078769830/N0fbe599a-a738-4e77-ac81-16c5eaa955ba-document.msapp","readonlyValue":"/864667278078769830/N0fbe599a-a738-4e77-ac81-16c5eaa955ba-document.msapp"},"imageUris":[]},"createdTime":"0001-01-01T00:00:00Z","lastModifiedTime":"0001-01-01T00:00:00Z","sharedGroupsCount":0,"sharedUsersCount":0,"icons":{"smallIconUri":"/864667278078769830/Na066d761-87c7-41c4-bb81-ad12266658f3-small.png","mediumIconUri":"/864667278078769830/N0e7e509f-96f4-45d3-ab2e-606ee73ad439-medium.png","largeIconUri":"/864667278078769830/N4909cb9e-bede-4386-8f3c-c3b450c3e239-large.png","wideIconUri":"/864667278078769830/N0f5dab29-2db0-40af-abdf-4a739e60a125-wide.png"},"connectionReferences":{"951c06fc-5c21-490c-80ea-dc6e455d41ef":{"id":"13d90811-7561-4d4c-b5ca-2d7c33381707","displayName":"Excel","iconUri":"https://connectoricons-prod.azureedge.net/excel/icon_1.0.1352.2012.png","dataSources":["Tabela1","Tabela2","Tabela3","Tabela4"],"dependencies":["d8e8cc6e-3de7-406b-9093-e1f74ace019e"],"dependents":[],"parameterHints":{"d8e8cc6e-3de7-406b-9093-e1f74ace019e":{"value":"fileSource"}},"isOnPremiseConnection":false,"bypassConsent":false,"dataSets":{"b!4F3UE_xCYUWR5AvbIwlAFrikuO3e6wJOt0-G4orcQmlE8vfRNzevQ4KGxXW5Js2x.012UYB5QXPC3MZDPMJPRBLWYIQI7OCEBUS":{"dataSources":{"Tabela1":{"tableName":"Tabela1"},"Tabela2":{"tableName":"Tabela2"},"Tabela3":{"tableName":"Tabela3"},"Tabela4":{"tableName":"Tabela4"}}}},"apiTier":"Standard","isCustomApiConnection":false},"d8e8cc6e-3de7-406b-9093-e1f74ace019e":{"id":"c882c31b-4fc7-43c4-9be8-7efa059eeeb0","displayName":"OneDrive for Business","iconUri":"https://connectoricons-prod.azureedge.net/onedriveforbusiness/icon_1.0.1341.1987.png","dataSources":[],"dependencies":[],"dependents":["951c06fc-5c21-490c-80ea-dc6e455d41ef"],"parameterHints":{},"isOnPremiseConnection":false,"bypassConsent":false,"dataSets":{},"apiTier":"Standard","isCustomApiConnection":false}},"databaseReferences":{},"almMode":"Environment","performanceOptimizationEnabled":true,"canConsumeAppPass":true},"isAppComponentLibrary":false,"appType":"ClassicCanvasApp","appComponents":[]}}